{
  "Nodes": [
    {
      "id": 0,
      "pos": "35.18753053591606,32.10378225882353,0.0"
    },
    {
      "id": 1
    },
    {
      "id": 2,
      "pos": "35.20746249717514,32.10254648739496,0.0"
    },
    {
      "id": 3
    }
  ],
  "Edges": []
}